経済原論Ⅰ,2,専門科目1
経済原論Ⅱ,2,専門科目1
ミクロ経済学Ⅰ,2,専門科目1
ミクロ経済学Ⅱ,2,専門科目1
マクロ経済学Ⅰ,2,専門科目1
マクロ経済学Ⅱ,2,専門科目1
統計Ⅰ,2,専門科目1
統計Ⅱ,2,専門科目1
経営,2,専門科目1
経済史Ⅰ,2,専門科目1
経済史Ⅱ,2,専門科目1
ファイナンス,2,専門科目1
ゲーム理論,2,専門科目1
会計,2,専門科目1
経済学史Ⅰ,2,専門科目2
現代資本主義論Ⅰ,2,専門科目2
日本経済Ⅰ,2,専門科目2
労働経済Ⅰ,2,専門科目2
都市経済Ⅰ,2,専門科目2
国際経済Ⅰ,2,専門科目2
開発経済Ⅰ,2,専門科目2
近代日本経済史Ⅰ,2,専門科目2
現代日本経済史Ⅰ,2,専門科目2
現代西洋経済史Ⅰ,2,専門科目2
アジア経済史,2,専門科目2
計量経済学Ⅰ,2,専門科目2
経済学のための数学,2,専門科目2
産業組織Ⅰ,2,専門科目2
国際貿易,2,専門科目2
国際金融,2,専門科目2
数理統計Ⅰ,2,専門科目2
メカニズムデザイン,2,専門科目2
財政Ⅰ,2,専門科目2
金融Ⅰ,2,専門科目2
経営科学Ⅰ,2,専門科目3
国際経営Ⅰ,2,専門科目3
ＩＣＴマネジメントⅠ,2,専門科目3
技術経営Ⅰ,2,専門科目3
フード・システムⅠ,2,専門科目3
グローバル・ベンチャリングⅠ,2,専門科目3
計量経済学Ⅰ,2,専門科目3
経済学のための数学,2,専門科目3
産業組織Ⅰ,2,専門科目3
国際貿易,2,専門科目3
国際金融,2,専門科目3
生産システムⅠ,2,専門科目3
経営戦略Ⅰ,2,専門科目3
雇用システムⅠ,2,専門科目3
経営史Ⅰ,2,専門科目3
日本経営史Ⅰ,2,専門科目3
マーケティングⅠ,2,専門科目3
経営管理Ⅰ,2,専門科目3
財務会計Ⅰ,2,専門科目3
管理会計Ⅰ,2,専門科目3
経営財務Ⅰ,2,専門科目3
保険数理Ⅰ,2,専門科目4
プログラミング,2,専門科目4
デリバティブ,2,専門科目4
金融機関のリスク管理,2,専門科目4
計量経済学Ⅰ,2,専門科目4
経済学のための数学,2,専門科目4
産業組織Ⅰ,2,専門科目4
国際貿易,2,専門科目4
国際金融,2,専門科目4
数理統計Ⅰ,2,専門科目4
メカニズムデザイン,2,専門科目4
財政Ⅰ,2,専門科目4
金融Ⅰ,2,専門科目4
生産システムⅠ,2,専門科目4
経営戦略Ⅰ,2,専門科目4
雇用システムⅠ,2,専門科目4
経営史Ⅰ,2,専門科目4
日本経営史Ⅰ,2,専門科目4
マーケティングⅠ,2,専門科目4
経営管理Ⅰ,2,専門科目4
財務会計Ⅰ,2,専門科目4
管理会計Ⅰ,2,専門科目4
経営財務Ⅰ,2,専門科目4
経済理論特論,各　1～2,選択科目
統計学特論,各　2,選択科目
現代経済特論,各　2,選択科目
経営特論,各　2,選択科目
経済史特論,各　2,選択科目
金融システム特論,各　2,選択科目
演習,各　4,選択科目
少人数講義,各　2,選択科目
プロアクティブ･ラーニング･セミナー,各　2,選択科目
総合演習,2,選択科目
民法(1),2,選択科目
民法(2),4,選択科目
行政法,4,選択科目
労働法,4,選択科目
商法(1),4,選択科目
商法(2),4,選択科目
商法(3),4,選択科目
経済法,4,選択科目
日本政治史,4,選択科目
日本政治,4,選択科目
産業事情,各　2,選択科目
政治学,4,選択科目
国際政治,4,選択科目
倫理学概論Ⅰ,2,選択科目
倫理学概論Ⅱ,2,選択科目
哲学概論Ⅰ,2,選択科目
哲学概論Ⅱ,2,選択科目
公共哲学演習,2,選択科目